,Slope ,log(Slope) 
0,2207128.6,2.9947485563759386
1,35252632.6,2.9986814842036935
2,563796376.6,2.9996699427835125
