,n ,T(n) ,log2(n),log2(T(n))
0,1024,108422734.4,10.0,26.6920921
1,4096,6888721793.6,12.0,32.6815892
2,16384,440073071182.4,14.0,38.6789521
3,65536,28151792573825.6,16.0,44.678292
