,n ,T(n) ,log2(n),log2(T(n))
0,16,74,4.0,6.2094534
1,64,266,6.0,8.0552824
2,256,1034,8.0,10.0140205
3,1024,4106,10.0,12.0035179
