,Slope ,log(Slope) 
0,4.0,0.9229145349361194
1,4.0,0.9793690174068725
2,4.0,0.9947487208968342
