,Slope ,log(Slope) 
0,10440.0,1.9501570840641183
1,41160.0,1.9869879278519704
2,164040.0,1.9967103507579704
