,n ,T(n) ,log2(n),log2(T(n))
0,1024,2302052,10.0,21.134489
1,4096,34373732,12.0,25.0348032
2,16384,540147812,14.0,29.008779
3,65536,8603041892,16.0,33.0021997
